{
    "root_group": {
        "groups": {},
        "checks": {
                "status is 302": {
                    "name": "status is 302",
                    "path": "::status is 302",
                    "id": "9ef425e11baabefe00b04a8500db882d",
                    "passes": 85367,
                    "fails": 0
                },
                "has Location header": {
                    "name": "has Location header",
                    "path": "::has Location header",
                    "id": "a5bcc5a2a32157f0e3dcaa526ac76eaa",
                    "passes": 85367,
                    "fails": 0
                }
            },
        "name": "",
        "path": "",
        "id": "d41d8cd98f00b204e9800998ecf8427e"
    },
    "metrics": {
        "http_req_sending": {
            "p(95)": 0,
            "avg": 0.02113188482104205,
            "min": 0,
            "med": 0,
            "max": 16.1676,
            "p(90)": 0
        },
        "iteration_duration": {
            "med": 16.8117,
            "max": 105.2846,
            "p(90)": 25.8616,
            "p(95)": 29.9351,
            "avg": 18.722882288237866,
            "min": 11.6592
        },
        "data_received": {
            "count": 10979447,
            "rate": 259850.23092394086
        },
        "data_sent": {
            "count": 6166344,
            "rate": 145938.67180710076
        },
        "http_req_duration{expected_response:true}": {
            "min": 1.0769,
            "med": 6.0549,
            "max": 846.4854,
            "p(90)": 14.4566,
            "p(95)": 18.4504,
            "avg": 7.841162158493832
        },
        "http_req_blocked": {
            "avg": 0.017793732083728257,
            "min": 0,
            "med": 0,
            "max": 20.181,
            "p(90)": 0,
            "p(95)": 0
        },
        "http_req_tls_handshaking": {
            "min": 0,
            "med": 0,
            "max": 0,
            "p(90)": 0,
            "p(95)": 0,
            "avg": 0
        },
        "http_req_failed": {
            "passes": 0,
            "fails": 85467,
            "value": 0
        },
        "vus": {
            "value": 50,
            "min": 0,
            "max": 50
        },
        "vus_max": {
            "value": 50,
            "min": 50,
            "max": 50
        },
        "iterations": {
            "count": 85367,
            "rate": 2020.378135919237
        },
        "http_req_duration": {
            "p(90)": 14.4566,
            "p(95)": 18.4504,
            "avg": 7.841162158493832,
            "min": 1.0769,
            "med": 6.0549,
            "max": 846.4854,
            "thresholds": {
                "p(95)<200": false
            }
        },
        "http_req_waiting": {
            "med": 5.9509,
            "max": 845.4352,
            "p(90)": 14.2929,
            "p(95)": 18.3053,
            "avg": 7.723763456070702,
            "min": 1.0769
        },
        "http_req_receiving": {
            "max": 12.9275,
            "p(90)": 0.5292,
            "p(95)": 0.5769699999999996,
            "avg": 0.09626681760211586,
            "min": 0,
            "med": 0
        },
        "http_req_connecting": {
            "avg": 0.011106556916704697,
            "min": 0,
            "med": 0,
            "max": 20.181,
            "p(90)": 0,
            "p(95)": 0
        },
        "checks": {
            "passes": 170734,
            "fails": 0,
            "value": 1
        },
        "http_reqs": {
            "count": 85467,
            "rate": 2022.7448328113842
        }
    },
    "setup_data": {
        "shortCodes": [
            "GQmOUM",
            "F19FpA",
            "6Wrq2f",
            "1hOs7U",
            "ksKvwe",
            "pIJQMG",
            "AU48CF",
            "U2EjDc",
            "6QLJUi",
            "yvSa1p",
            "A4Q831",
            "gutAEU",
            "OzF41s",
            "Z8JE8v",
            "jU6IGZ",
            "RHAWwp",
            "vNwMHR",
            "thPRi5",
            "6eGfVf",
            "aW4YIA",
            "gVZWom",
            "JPtFES",
            "8kIv1M",
            "GTX6PU",
            "0wTHl7",
            "LTtDRZ",
            "dwiu3H",
            "SDTJ4d",
            "tiYvWZ",
            "VHgipd",
            "zGGQzj",
            "w0okfi",
            "rVyvpV",
            "azFhqV",
            "xn53UM",
            "1byhuE",
            "uU00pr",
            "v7DC41",
            "BL2FEm",
            "rdtEXQ",
            "VuKr0Z",
            "bdhiSB",
            "nwt8mu",
            "JKXxQn",
            "GlJrFZ",
            "iXfa8W",
            "65WFY9",
            "u5qiqt",
            "MBBwzi",
            "f3xULy",
            "snorOI",
            "0N9939",
            "oJdRS7",
            "9qUsBq",
            "VDsPQ7",
            "TKs7QR",
            "UtVCwG",
            "FcrglW",
            "fa7o8P",
            "fLBuA0",
            "tjqq5s",
            "w3qKB1",
            "JdEsfb",
            "iaT85x",
            "cmOYdi",
            "YIVkGn",
            "rQBqlY",
            "H9CDFa",
            "70ajyw",
            "6MvuUi",
            "MgGHpM",
            "r2CbWk",
            "jFBIJk",
            "KP4gFB",
            "FE1BPz",
            "OEmLCv",
            "lcnT2M",
            "AXhVZP",
            "Kw7BaV",
            "xTz6ko",
            "7J7ful",
            "HOnaAD",
            "EgpH9K",
            "5hv7h3",
            "vN4q4G",
            "vBfOP5",
            "lgI1LM",
            "oIk89w",
            "JFyPn8",
            "znWlsK",
            "si55dR",
            "dHhSI6",
            "kD1Abp",
            "ddyiwJ",
            "IpKcFR",
            "Z7JRmu",
            "D3UaLU",
            "9HTpPv",
            "YPgw8x",
            "GAJUhW"
        ]
    }
}