{
    "root_group": {
        "name": "",
        "path": "",
        "id": "d41d8cd98f00b204e9800998ecf8427e",
        "groups": {},
        "checks": {
                "status is 302": {
                    "name": "status is 302",
                    "path": "::status is 302",
                    "id": "9ef425e11baabefe00b04a8500db882d",
                    "passes": 106565,
                    "fails": 0
                },
                "has Location header": {
                    "fails": 0,
                    "name": "has Location header",
                    "path": "::has Location header",
                    "id": "a5bcc5a2a32157f0e3dcaa526ac76eaa",
                    "passes": 106565
                }
            }
    },
    "metrics": {
        "http_req_tls_handshaking": {
            "med": 0,
            "max": 0,
            "p(90)": 0,
            "p(95)": 0,
            "avg": 0,
            "min": 0
        },
        "data_received": {
            "count": 13696498,
            "rate": 332374.61046170455
        },
        "checks": {
            "passes": 213130,
            "fails": 0,
            "value": 1
        },
        "http_req_duration": {
            "med": 3.4716,
            "max": 440.4898,
            "p(90)": 7.588980000000005,
            "p(95)": 10.023099999999976,
            "avg": 4.438175859935276,
            "min": 0.5112,
            "thresholds": {
                "p(95)<200": false
            }
        },
        "http_reqs": {
            "count": 106665,
            "rate": 2588.4527435332534
        },
        "vus": {
            "value": 50,
            "min": 0,
            "max": 50
        },
        "http_req_sending": {
            "avg": 0.008848930764543204,
            "min": 0,
            "med": 0,
            "max": 9.8022,
            "p(90)": 0,
            "p(95)": 0
        },
        "http_req_waiting": {
            "min": 0.5112,
            "med": 3.4042,
            "max": 439.7912,
            "p(90)": 7.486580000000008,
            "p(95)": 9.922779999999992,
            "avg": 4.358780585009119
        },
        "http_req_failed": {
            "passes": 0,
            "fails": 106665,
            "value": 0
        },
        "http_req_receiving": {
            "max": 13.4131,
            "p(90)": 0.5135,
            "p(95)": 0.5479,
            "avg": 0.07054634416162744,
            "min": 0,
            "med": 0
        },
        "http_req_blocked": {
            "avg": 0.009651111423615988,
            "min": 0,
            "med": 0,
            "max": 9.092,
            "p(90)": 0,
            "p(95)": 0
        },
        "http_req_connecting": {
            "max": 5.0111,
            "p(90)": 0,
            "p(95)": 0,
            "avg": 0.006778451225800399,
            "min": 0,
            "med": 0
        },
        "vus_max": {
            "value": 50,
            "min": 50,
            "max": 50
        },
        "iteration_duration": {
            "avg": 15.007796233869744,
            "min": 10.5345,
            "med": 14.0146,
            "max": 110.6031,
            "p(90)": 18.364800000000006,
            "p(95)": 20.926989999999996
        },
        "data_sent": {
            "count": 7691880,
            "rate": 186659.80301812742
        },
        "iterations": {
            "count": 106555,
            "rate": 2585.783359932366
        },
        "http_req_duration{expected_response:true}": {
            "avg": 4.438175859935276,
            "min": 0.5112,
            "med": 3.4716,
            "max": 440.4898,
            "p(90)": 7.588980000000005,
            "p(95)": 10.023099999999976
        }
    },
    "setup_data": {
        "shortCodes": [
            "9jmSdF",
            "rGOCrB",
            "GrXMT8",
            "EitWBY",
            "JVqtai",
            "e0kdUy",
            "ieSJRV",
            "ZzMJbH",
            "5wIPbi",
            "KIMSdB",
            "F1keoz",
            "ScoTTJ",
            "r6Iksj",
            "9QrTVi",
            "uAL5cm",
            "JRplmy",
            "EY1Ra7",
            "iwWIDN",
            "WuRVRM",
            "cTgKdL",
            "JzxmlT",
            "FhexZi",
            "mARwl4",
            "7A9iNa",
            "X6Ilez",
            "P0jWEP",
            "0pwo0g",
            "Cr1Qgp",
            "qNOibn",
            "I7rO8O",
            "PxmFWf",
            "TkXw3q",
            "skygB3",
            "Ssd9nK",
            "Z5MEyG",
            "4g1SKq",
            "CA0A76",
            "nbj2Tv",
            "hVo14n",
            "bubYhK",
            "NLe6yc",
            "6fPRnm",
            "SU6gUy",
            "HsRuvE",
            "aDYpV1",
            "AAOoMd",
            "n08N74",
            "i2NZ2c",
            "5x06Mp",
            "UozpmY",
            "yYMd6K",
            "R61og4",
            "S27PEl",
            "UBNFW0",
            "78SFEx",
            "cZUTMV",
            "h0QJt8",
            "dgvd06",
            "KcAR0A",
            "rvx51h",
            "lX5dZN",
            "PKcYUl",
            "XYwLHK",
            "2FqHlK",
            "c6EVXi",
            "mhuOjN",
            "c2jShf",
            "vT8E70",
            "aAAV7j",
            "tEGTvH",
            "qHXx4i",
            "q3ybum",
            "L4RxqR",
            "0VlPy9",
            "n8QO6c",
            "DYT3uz",
            "tcXoKP",
            "itCyyM",
            "uZgiKk",
            "cvLzf5",
            "v3fXJy",
            "MSWPxD",
            "xaHoWE",
            "8zQIH8",
            "ZiLckB",
            "bxvH1m",
            "nG1kMp",
            "P754KH",
            "XnFbRA",
            "9vNeix",
            "dmGX4n",
            "h9TpSH",
            "DRfEhm",
            "N4V2CS",
            "KjlcC1",
            "UPPjG2",
            "Ckw6vX",
            "uxYUFR",
            "n9kJax",
            "fwQ9kL"
        ]
    }
}