{
    "root_group": {
        "path": "",
        "id": "d41d8cd98f00b204e9800998ecf8427e",
        "groups": {},
        "checks": {
                "status is 302": {
                    "name": "status is 302",
                    "path": "::status is 302",
                    "id": "9ef425e11baabefe00b04a8500db882d",
                    "passes": 81212,
                    "fails": 0
                },
                "has Location header": {
                    "name": "has Location header",
                    "path": "::has Location header",
                    "id": "a5bcc5a2a32157f0e3dcaa526ac76eaa",
                    "passes": 81212,
                    "fails": 0
                }
            },
        "name": ""
    },
    "metrics": {
        "http_req_waiting": {
            "max": 782.8154,
            "p(90)": 15.547,
            "p(95)": 20.879179999999987,
            "avg": 8.556837679555215,
            "min": 1.0713,
            "med": 6.5569
        },
        "data_sent": {
            "count": 5866680,
            "rate": 139110.7723718809
        },
        "checks": {
            "passes": 162424,
            "fails": 0,
            "value": 1
        },
        "vus_max": {
            "value": 50,
            "min": 50,
            "max": 50
        },
        "http_req_receiving": {
            "avg": 0.10673081586973698,
            "min": 0,
            "med": 0,
            "max": 39.8711,
            "p(90)": 0.5252,
            "p(95)": 0.6069
        },
        "http_req_tls_handshaking": {
            "avg": 0,
            "min": 0,
            "med": 0,
            "max": 0,
            "p(90)": 0,
            "p(95)": 0
        },
        "http_req_failed": {
            "passes": 0,
            "fails": 81312,
            "value": 0
        },
        "iteration_duration": {
            "avg": 19.683528191613554,
            "min": 11.4695,
            "med": 17.5073,
            "max": 230.0561,
            "p(90)": 27.247220000000002,
            "p(95)": 33.03538000000001
        },
        "http_req_duration": {
            "p(90)": 15.677020000000006,
            "p(95)": 21.060115,
            "avg": 8.684280430932706,
            "min": 1.0713,
            "med": 6.6677,
            "max": 784.704,
            "thresholds": {
                "p(95)<200": false
            }
        },
        "http_req_duration{expected_response:true}": {
            "avg": 8.684280430932706,
            "min": 1.0713,
            "med": 6.6677,
            "max": 784.704,
            "p(90)": 15.677020000000006,
            "p(95)": 21.060115
        },
        "http_req_connecting": {
            "avg": 0.01009098902990949,
            "min": 0,
            "med": 0,
            "max": 6.6012,
            "p(90)": 0,
            "p(95)": 0
        },
        "http_reqs": {
            "count": 81312,
            "rate": 1928.0709230948987
        },
        "vus": {
            "value": 50,
            "min": 0,
            "max": 50
        },
        "iterations": {
            "count": 81205,
            "rate": 1925.5337380696728
        },
        "data_received": {
            "count": 10446864,
            "rate": 247716.13926513755
        },
        "http_req_blocked": {
            "avg": 0.017312501229830787,
            "min": 0,
            "med": 0,
            "max": 16.6979,
            "p(90)": 0,
            "p(95)": 0
        },
        "http_req_sending": {
            "avg": 0.020711935507674164,
            "min": 0,
            "med": 0,
            "max": 17.114,
            "p(90)": 0,
            "p(95)": 0
        }
    },
    "setup_data": {
        "shortCodes": [
            "VUXbfv",
            "86oRtn",
            "KNgLe9",
            "uAbGQd",
            "AA1xAT",
            "nJras7",
            "mprcCA",
            "arUGRN",
            "5Pirtj",
            "gVrEaI",
            "pcsrlV",
            "PlmHTl",
            "q86PdY",
            "Ra8MSG",
            "FtRqot",
            "jhS95w",
            "3VaPOa",
            "Bt5hMQ",
            "X4V1e5",
            "akhgSo",
            "xTlHof",
            "XyGZDC",
            "cTw4OJ",
            "oMgyam",
            "USyUGf",
            "zw8teo",
            "Cn0AUa",
            "KeUdv5",
            "N16NYX",
            "yJrSKn",
            "TR3mdV",
            "FHgfhV",
            "R9YUrS",
            "3EwvNo",
            "8FNqH5",
            "4oGYAI",
            "n1bxB8",
            "Lgy4IL",
            "W7jpyt",
            "LbR3Sv",
            "arCHi3",
            "UfQ86R",
            "xuZt9n",
            "IAV3Rs",
            "pujbIU",
            "XDDsKr",
            "OpQCmJ",
            "bAxieU",
            "RlYryU",
            "dR8ofy",
            "eU4EoW",
            "onQ63H",
            "k0hqPJ",
            "ZSF6Hj",
            "UuULRB",
            "LG3toE",
            "HM8yUz",
            "YFeHcc",
            "MpJYC4",
            "UcAAIe",
            "2JPIvL",
            "RbVzuv",
            "ntYIy0",
            "0WvWXP",
            "ZntgNO",
            "sAKQ5C",
            "uCmP2p",
            "e6KTI0",
            "EJpGmi",
            "E6bLbI",
            "vWplAH",
            "jpJkZN",
            "AJbSFQ",
            "H3QwzM",
            "YRXd8K",
            "zp2UFU",
            "EJ97BT",
            "4VgatM",
            "p8Xqq7",
            "187Zjv",
            "EKZnJs",
            "JLcoJ1",
            "b1oXL5",
            "PNTxUR",
            "09ON12",
            "ESv4O9",
            "hiBfdG",
            "qiX6NP",
            "iM5O7i",
            "BGAueH",
            "pI9MZv",
            "AGLIe1",
            "Tfm0xo",
            "dxs1Cc",
            "r0WDij",
            "apoZcY",
            "uMQlJ6",
            "BcOUgW",
            "ppnPpa",
            "4N6K60"
        ]
    }
}