{
    "root_group": {
        "name": "",
        "path": "",
        "id": "d41d8cd98f00b204e9800998ecf8427e",
        "groups": {},
        "checks": {
                "status is 302": {
                    "fails": 0,
                    "name": "status is 302",
                    "path": "::status is 302",
                    "id": "9ef425e11baabefe00b04a8500db882d",
                    "passes": 103886
                },
                "has Location header": {
                    "name": "has Location header",
                    "path": "::has Location header",
                    "id": "a5bcc5a2a32157f0e3dcaa526ac76eaa",
                    "passes": 103886,
                    "fails": 0
                }
            }
    },
    "metrics": {
        "checks": {
            "passes": 207772,
            "fails": 0,
            "value": 1
        },
        "http_req_receiving": {
            "avg": 0.07799811801588742,
            "min": 0,
            "med": 0,
            "max": 34.8341,
            "p(90)": 0,
            "p(95)": 0.5496
        },
        "data_sent": {
            "count": 7498992,
            "rate": 178684.9445047194
        },
        "iteration_duration": {
            "p(95)": 23.0286,
            "avg": 15.382484319104423,
            "min": 10.6094,
            "med": 13.9971,
            "max": 93.3507,
            "p(90)": 19.4815
        },
        "http_req_waiting": {
            "avg": 4.508610460062106,
            "min": 0,
            "med": 3.2957,
            "max": 712.4649,
            "p(90)": 8.163049999999998,
            "p(95)": 11.233274999999999
        },
        "http_req_duration{expected_response:true}": {
            "avg": 4.603785490354608,
            "min": 0,
            "med": 3.35755,
            "max": 714.5406,
            "p(90)": 8.3855,
            "p(95)": 11.576325
        },
        "http_req_connecting": {
            "avg": 0.009564681784086319,
            "min": 0,
            "med": 0,
            "max": 14.539,
            "p(90)": 0,
            "p(95)": 0
        },
        "http_req_tls_handshaking": {
            "avg": 0,
            "min": 0,
            "med": 0,
            "max": 0,
            "p(90)": 0,
            "p(95)": 0
        },
        "data_received": {
            "count": 13353224,
            "rate": 318178.7751472581
        },
        "iterations": {
            "count": 103878,
            "rate": 2475.1906209876265
        },
        "http_reqs": {
            "rate": 2477.764030054673,
            "count": 103986
        },
        "vus_max": {
            "value": 50,
            "min": 50,
            "max": 50
        },
        "http_req_blocked": {
            "max": 16.8346,
            "p(90)": 0,
            "p(95)": 0,
            "avg": 0.014668489989036955,
            "min": 0,
            "med": 0
        },
        "http_req_failed": {
            "passes": 0,
            "fails": 103986,
            "value": 0
        },
        "http_req_sending": {
            "min": 0,
            "med": 0,
            "max": 17.1347,
            "p(90)": 0,
            "p(95)": 0,
            "avg": 0.01717691227665261
        },
        "http_req_duration": {
            "avg": 4.603785490354608,
            "min": 0,
            "med": 3.35755,
            "max": 714.5406,
            "p(90)": 8.3855,
            "p(95)": 11.576325,
            "thresholds": {
                "p(95)<200": false
            }
        },
        "vus": {
            "min": 0,
            "max": 50,
            "value": 50
        }
    },
    "setup_data": {
        "shortCodes": [
            "43GECH",
            "229cnu",
            "lDGawV",
            "w6LCmJ",
            "UhZjAj",
            "bl7Wix",
            "EAXxYd",
            "vaqRDu",
            "XLxMbo",
            "sgVtje",
            "zew8ZV",
            "X5EZ4a",
            "uBog8u",
            "U5ox9v",
            "2niu7P",
            "z6d5sv",
            "xYi1oD",
            "FbtiyW",
            "57xjMP",
            "r1Z1Oc",
            "SH9v53",
            "rKNziY",
            "h3r65y",
            "q7FvmF",
            "UBBVNv",
            "PjEXDv",
            "mKDOde",
            "lFNm4W",
            "CRRAYl",
            "xR7GOf",
            "IXdRQp",
            "HqV1rt",
            "e6PyAr",
            "KdtdQv",
            "aqj9xV",
            "HwROwI",
            "OfXHoI",
            "W1QOab",
            "F5tiVs",
            "wVfXAK",
            "jGWZRZ",
            "pfMpSF",
            "uNqE9o",
            "py3DiJ",
            "oc9GfH",
            "HRioog",
            "8TCPBW",
            "xdEbw4",
            "ShvWFr",
            "pGKrwc",
            "cBHwQT",
            "55RHw7",
            "nw89F0",
            "kD1BUY",
            "DZcyBj",
            "nA0IzR",
            "947rB8",
            "i82ORZ",
            "NyP2ki",
            "6HOGND",
            "33WPfu",
            "aqrBi5",
            "4HPtRQ",
            "33MAxt",
            "dL6PTe",
            "4I93Ng",
            "j8m2Un",
            "m47hY0",
            "Cw8RoB",
            "p61k8E",
            "m4S6ZG",
            "W3LNaC",
            "vawSJb",
            "HG53tn",
            "Za0fYU",
            "nAuTJz",
            "zMG2wo",
            "MehIeD",
            "0SH1Xb",
            "9Y6iOT",
            "IRATOx",
            "Od0Kln",
            "irAsQb",
            "7ErHKz",
            "Y1MAK3",
            "XzaX5v",
            "P7eQMG",
            "qMkDk1",
            "7ZCg5p",
            "k4O61A",
            "tMU32u",
            "jPfR2X",
            "98sD68",
            "ZovUmX",
            "UZnJUW",
            "qzM5J8",
            "KqZt6S",
            "3nOwPh",
            "NNZ15Q",
            "oP37eX"
        ]
    }
}