{
    "metrics": {
        "http_req_receiving": {
            "p(90)": 0.5261,
            "p(95)": 0.5805,
            "avg": 0.09326709878550744,
            "min": 0,
            "med": 0,
            "max": 7.3589
        },
        "http_req_failed": {
            "passes": 0,
            "fails": 89173,
            "value": 0
        },
        "http_reqs": {
            "count": 89173,
            "rate": 2093.116544955968
        },
        "data_received": {
            "rate": 268860.98802823387,
            "count": 11454279
        },
        "http_req_duration{expected_response:true}": {
            "p(90)": 13.429060000000002,
            "p(95)": 17.895979999999998,
            "avg": 7.17690553755057,
            "min": 0.5121,
            "med": 5.3555,
            "max": 858.5148
        },
        "http_req_duration": {
            "min": 0.5121,
            "med": 5.3555,
            "max": 858.5148,
            "p(90)": 13.429060000000002,
            "p(95)": 17.895979999999998,
            "avg": 7.17690553755057,
            "thresholds": {
                "p(95)<200": false
            }
        },
        "http_req_tls_handshaking": {
            "p(95)": 0,
            "avg": 0,
            "min": 0,
            "med": 0,
            "max": 0,
            "p(90)": 0
        },
        "iterations": {
            "count": 89063,
            "rate": 2090.5345658821993
        },
        "data_sent": {
            "count": 6432456,
            "rate": 150986.0616812408
        },
        "checks": {
            "passes": 178146,
            "fails": 0,
            "value": 1
        },
        "vus": {
            "value": 50,
            "min": 0,
            "max": 50
        },
        "http_req_connecting": {
            "max": 13.7799,
            "p(90)": 0,
            "p(95)": 0,
            "avg": 0.010049627129288013,
            "min": 0,
            "med": 0
        },
        "http_req_waiting": {
            "med": 5.2504,
            "max": 857.4359,
            "p(90)": 13.2726,
            "p(95)": 17.77057999999999,
            "avg": 7.063242441097668,
            "min": 0.5121
        },
        "http_req_blocked": {
            "min": 0,
            "med": 0,
            "max": 21.5023,
            "p(90)": 0,
            "p(95)": 0,
            "avg": 0.017025189238895195
        },
        "vus_max": {
            "value": 50,
            "min": 50,
            "max": 50
        },
        "iteration_duration": {
            "p(90)": 24.40406,
            "p(95)": 29.026719999999997,
            "avg": 17.948243559053864,
            "min": 11.1409,
            "med": 16.1035,
            "max": 102.9046
        },
        "http_req_sending": {
            "max": 12.6241,
            "p(90)": 0,
            "p(95)": 0,
            "avg": 0.020395997667455396,
            "min": 0,
            "med": 0
        }
    },
    "setup_data": {
        "shortCodes": [
            "5TGQga",
            "yHyCbF",
            "5A1Hb9",
            "NBvlG9",
            "t7vS2L",
            "0iwf1l",
            "cJTcg9",
            "jgdQvA",
            "kzielQ",
            "wRfCNS",
            "Psz36j",
            "kBBu0s",
            "dYAVnT",
            "0li5Gr",
            "GoteMJ",
            "L445gN",
            "OEz0jP",
            "A1vf67",
            "RmVEI3",
            "5ODM0Q",
            "3VJvKD",
            "pp8Jn3",
            "SpoRbU",
            "XALPxK",
            "7DsQ4g",
            "MQ0gL8",
            "WRVhbd",
            "C9KA0N",
            "eiXfP7",
            "A1amdo",
            "5Kkapo",
            "P1UDiV",
            "pY5E4b",
            "pbGb7T",
            "HZ8tCC",
            "hdp0l0",
            "vBtu6i",
            "UPO8qW",
            "6xzXDS",
            "EFSaUH",
            "7HsQv6",
            "qoBOW0",
            "RvSQrj",
            "QqVZ3Z",
            "CbqYu6",
            "E3nWoK",
            "HEcMhn",
            "ShuXNi",
            "BCjI2G",
            "Z5T68l",
            "mRhxFf",
            "EQEuST",
            "PQu2yw",
            "BWm0PV",
            "7ygSS6",
            "mNfHOb",
            "lKm874",
            "lJ0EjW",
            "TCovwg",
            "yAzIGu",
            "LNgQd1",
            "XLDS39",
            "2fCgdv",
            "f7Pxv4",
            "gqqpDu",
            "Ep8L9j",
            "bP3bOD",
            "9IRXGU",
            "aZr6Po",
            "yg4ID9",
            "J9KHEy",
            "FNuxYd",
            "o7wkb2",
            "YvrIg7",
            "CPnZ6a",
            "tnHCFx",
            "SwPGYk",
            "NIHjGw",
            "B92RTD",
            "cMAit4",
            "fvYGmZ",
            "inlqL3",
            "N1lwxf",
            "aC1HT1",
            "a2TvVe",
            "YxqH6f",
            "BRU2un",
            "h2I6xB",
            "aluVW2",
            "BZwPZO",
            "CK5Ixa",
            "DnczMz",
            "NE5TkM",
            "yNoTf0",
            "trtl8Z",
            "gAuhuY",
            "I3z9VY",
            "DgYgR6",
            "HIH4ab",
            "PoarD7"
        ]
    },
    "root_group": {
        "name": "",
        "path": "",
        "id": "d41d8cd98f00b204e9800998ecf8427e",
        "groups": {},
        "checks": {
                "status is 302": {
                    "name": "status is 302",
                    "path": "::status is 302",
                    "id": "9ef425e11baabefe00b04a8500db882d",
                    "passes": 89073,
                    "fails": 0
                },
                "has Location header": {
                    "passes": 89073,
                    "fails": 0,
                    "name": "has Location header",
                    "path": "::has Location header",
                    "id": "a5bcc5a2a32157f0e3dcaa526ac76eaa"
                }
            }
    }
}